Provincia,Partido,Localidad,Poblacion,ADSL,CABLEMODEM,DIALUP,FIBRAOPTICA,SATELITAL,WIRELESS,TELEFONIAFIJA,3G,4G,link,Latitud,Longitud
MENDOZA,General Alvear,Bowen,4939,--,SI,SI,--,SI,SI,SI,SI,SI,50014010.0,-35.0009124317209,-67.5161818289008
MENDOZA,General Alvear,Carmensa,941,--,--,--,--,--,SI,SI,--,SI,50014020.0,-35.1449057898791,-67.662955044003
MENDOZA,General Alvear,General Alvear,29909,SI,SI,SI,SI,--,SI,SI,SI,SI,50014030.0,-34.9804694766564,-67.7009950828176
MENDOZA,General Alvear,Los Compartos,439,--,--,--,--,--,--,--,SI,SI,50014040.0,-34.9792604557582,-67.6590893207424
MENDOZA,Godoy Cruz,Gobernador Benegas,0,--,--,--,SI,--,--,--,SI,SI,50021010.0,-32.9443750737376,-68.8651880637399
MENDOZA,Godoy Cruz,Godoy Cruz,191299,SI,SI,SI,SI,SI,SI,SI,SI,SI,50021010.0,-32.9215283150576,-68.8549231831208
MENDOZA,Godoy Cruz,LAS TORTUGAS,0,--,--,--,SI,--,--,--,SI,SI,50021010.0,-32.9453107154249,-68.8411734730396
MENDOZA,Godoy Cruz,Presidente Sarmiento,0,--,--,--,--,--,--,--,--,--,50021010.0,-32.9171352448748,-68.9190971058586
MENDOZA,Godoy Cruz,SAN FRANCISCO DEL MONTE,0,--,--,--,SI,--,--,--,SI,SI,50021010.0,-32.9301248190877,-68.8333388830804
MENDOZA,Godoy Cruz,Villa Hipodromo,0,--,--,--,SI,--,--,--,SI,SI,50021010.0,-32.9085519196216,-68.8709990197701
MENDOZA,Godoy Cruz,Villa Marini,0,--,--,--,--,--,--,--,SI,SI,50021010.0,-32.9368994348648,-68.8625261619583
MENDOZA,Malargüe,Malargüe,21619,--,SI,--,SI,SI,SI,SI,SI,SI,50077040.0,-35.4770107120892,-69.5886491865783
MENDOZA,Rivadavia,Andrade,216,--,--,--,--,--,SI,--,--,--,50084010.0,-33.1624680014146,-68.506066911759
MENDOZA,Rivadavia,Barrio Cooperativa Los Campamentos,267,--,--,--,--,--,SI,--,--,SI,50084020.0,-33.2692489302548,-68.4383631651486
MENDOZA,Rivadavia,Barrio Rivadavia,408,--,--,--,--,--,SI,--,--,--,50084030.0,-33.2304643070476,-68.4837256054182
MENDOZA,Rivadavia,Cuadro Ortega,0,--,--,--,--,--,--,--,SI,--,50084110.0,-33.282949271283,-68.4657441362603
MENDOZA,Rivadavia,El Mirador,783,--,--,--,SI,--,SI,--,--,--,50084040.0,-33.2906467543213,-68.3475556585345
MENDOZA,Rivadavia,La Central,802,--,--,--,--,--,SI,--,SI,SI,50084050.0,-33.2736424903477,-68.3224073182181
MENDOZA,Rivadavia,La Esperanza,200,--,--,--,--,--,SI,--,--,--,50084060.0,-33.3170659709211,-68.3343426790403
MENDOZA,Rivadavia,La Florida,1518,--,--,--,--,--,SI,--,--,--,50084070.0,-33.2827922646265,-68.4657172961175
MENDOZA,Rivadavia,La Libertad,582,--,--,--,--,--,SI,--,--,--,50084080.0,-33.2163869013321,-68.5166268853637
MENDOZA,Rivadavia,Los Árboles,362,--,--,--,--,--,SI,--,--,--,50084090.0,-33.1813162523339,-68.5759160345244
MENDOZA,Rivadavia,Los Campamentos,1062,--,--,--,--,--,SI,SI,--,SI,50084100.0,-33.2763607628549,-68.4008493516637
MENDOZA,Rivadavia,Medrano,1598,--,--,SI,--,--,SI,SI,SI,SI,50084110.0,-33.1787463382932,-68.6219271508795
MENDOZA,Rivadavia,Mundo Nuevo,295,--,--,--,--,--,SI,--,SI,SI,50084120.0,-33.1753415989261,-68.4371725862256
MENDOZA,Rivadavia,Reducción de Abajo,490,--,--,--,--,--,SI,SI,--,--,50084130.0,-33.2063088772501,-68.5835152115814
MENDOZA,Rivadavia,Rivadavia,31038,SI,--,SI,SI,SI,SI,SI,SI,SI,50084140.0,-33.19403215031,-68.4736188877526
MENDOZA,Rivadavia,Santa María de Oro,609,--,--,--,--,--,SI,--,--,--,50084150.0,-33.2059806305116,-68.4335589109359
NEUQUEN,Lácar,San Martín de los Andes,27956,SI,SI,--,SI,SI,SI,SI,SI,SI,58056010.0,-40.1537600653137,-71.3550098619322
NEUQUEN,Lácar,Villa Lago Meliquina,105,SI,--,--,SI,--,SI,SI,--,SI,58056020.0,-40.3816875508143,-71.2616152793248
NEUQUEN,Loncopué,Chorriaca,403,--,--,--,--,SI,SI,--,--,--,58063010.0,-37.929624048638,-70.0562158162232
NEUQUEN,Loncopué,Loncopué,4877,--,SI,SI,--,SI,SI,SI,--,SI,58063020.0,-38.0699432722928,-70.6124039046889
NEUQUEN,Los Lagos,Villa La Angostura,11063,SI,--,SI,SI,SI,SI,SI,SI,SI,58070010.0,-40.7631760692681,-71.6451967512926
NEUQUEN,Los Lagos,Villa Traful,356,--,--,--,--,SI,--,SI,--,--,58070020.0,-40.6515336234792,-71.4069733427812
NEUQUEN,Minas,Andacollo,2481,SI,--,SI,SI,SI,SI,SI,--,--,58077010.0,-37.1814100578481,-70.6690765415839
NEUQUEN,Minas,Huinganco,733,--,--,SI,--,SI,SI,SI,--,--,58077020.0,-37.162253742004,-70.6240350766311
NEUQUEN,Minas,Las Ovejas,1128,--,--,--,--,--,SI,SI,--,--,58077030.0,-36.9881343331798,-70.7487001311443
NEUQUEN,Minas,Los Miches,201,--,--,--,--,--,--,--,--,--,58077040.0,-37.2079272879054,-70.8208608595818
NEUQUEN,Minas,Manzano Amargo,334,--,--,--,--,--,SI,--,--,--,58077050.0,-36.7475538529054,-70.7652790008941
NEUQUEN,Minas,Varvarco,445,--,--,--,--,--,SI,--,--,SI,58077060.0,-36.8575631715293,-70.6784177984494
NEUQUEN,Minas,Villa del Nahueve,197,--,--,--,--,--,SI,--,--,--,58077070.0,-37.1209838887878,-70.7687465935033
SAN JUAN,Rawson,Rawson,109424,SI,--,SI,--,SI,SI,SI,SI,SI,70077010.0,-31.5696190485463,-68.5577689018569
SAN JUAN,Rawson,Villa Bolaños,520,--,--,--,--,--,SI,--,--,--,70077020.0,-31.6292970053945,-68.4706676954017
SAN JUAN,Rawson,Villa Krause,0,--,--,--,--,--,SI,--,SI,SI,70077020.0,-31.583718555606,-68.5410817167198
SAN JUAN,Rivadavia,Rivadavia,82582,SI,--,SI,SI,SI,SI,SI,SI,SI,70084010.0,-31.5335200372447,-68.5920689785483
SAN JUAN,San Martín,Barrio Sadop,734,--,--,--,--,--,SI,--,--,--,70091010.0,-31.5367182711489,-68.3955676778174
SAN JUAN,San Martín,Dos Acequias (Est. Los Angacos),972,--,--,--,--,--,SI,--,--,--,70091020.0,-31.4913855475125,-68.4185298472673
SAN JUAN,San Martín,San Isidro (Est. Los Angacos),1440,SI,--,--,--,--,SI,--,SI,SI,70091030.0,-31.4870993000717,-68.325134344897
SAN JUAN,San Martín,Villa Dominguito (Est. Puntilla Blanca),619,--,--,--,--,--,SI,--,--,--,70091050.0,-31.55912095737,-68.2976446699079
SAN JUAN,San Martín,Villa Don Bosco (Est. Angaco Sud),2557,--,--,--,SI,--,SI,SI,SI,SI,70091060.0,-31.5518882180598,-68.3390185136148
SAN JUAN,San Martín,Villa El Salvador,110,--,--,--,--,--,SI,--,--,--,70091040.0,-31.4639044466924,-68.4095847372199
SAN JUAN,San Martín,Villa San Martín,1899,--,--,--,--,SI,SI,--,SI,SI,70091070.0,-31.5167619808371,-68.3526471246019
SAN JUAN,Santa Lucía,Alto De Sierra,0,--,--,--,--,--,SI,--,SI,SI,70098010.0,-31.5265278957606,-68.4106014181706
SAN JUAN,Santa Lucía,Colonia Gutierrez,0,--,--,--,--,--,--,--,SI,SI,70098010.0,-31.5173968715659,-68.4546487927052
SAN JUAN,Santa Lucía,Santa Lucía,48087,SI,--,SI,SI,--,SI,SI,SI,SI,70098010.0,-31.5130353688268,-68.4565988777122
SAN JUAN,Sarmiento,Cañada Honda,309,--,--,--,SI,SI,SI,SI,--,SI,70105010.0,-31.9850527438787,-68.5481911385325
SAN JUAN,Jáchal,San José de Jáchal,10940,--,--,SI,SI,SI,SI,SI,SI,SI,70056080.0,-30.2427672850044,-68.7454934559357
SAN JUAN,Jáchal,Tamberías,622,--,--,--,--,--,SI,SI,--,--,70056090.0,-30.1822864487075,-68.7277857836372
SAN JUAN,Jáchal,Villa Malvinas Argentinas,340,--,--,--,--,--,SI,--,--,--,70056100.0,-30.2142413595614,-68.7165558327867
SAN JUAN,Jáchal,Villa Mercedes,1439,--,--,--,--,SI,SI,SI,--,SI,70056110.0,-30.1088721898605,-68.7009429184891
SAN JUAN,Pocito,Barrio Municipal,973,--,--,--,--,--,--,--,--,--,70070005.0,-31.7523486776689,-68.5597213740804
SAN JUAN,Pocito,Barrio Ruta 40,231,--,--,--,--,--,SI,--,SI,SI,70070010.0,-31.8595308229437,-68.5345166485174
SAN JUAN,Pocito,Carpintería,1134,--,--,--,--,--,SI,SI,--,SI,70070020.0,-31.8301409850684,-68.5420989256398
SAN JUAN,Pocito,La Rinconada,0,--,--,--,--,--,--,--,SI,SI,70070010.0,-31.6952378674877,-68.5923025771378
SAN JUAN,Pocito,Las Piedritas,588,--,--,--,--,--,--,--,--,--,70070025.0,-31.629474322189,-68.6080765638159
SAN JUAN,Pocito,Quinto Cuartel,1661,--,--,--,--,--,SI,SI,SI,SI,70070030.0,-31.6140359426027,-68.6001745092873
SAN JUAN,Pocito,Villa Aberastain,0,--,--,--,--,--,SI,--,SI,SI,70070010.0,-31.65701277213,-68.573608949336
SAN JUAN,Pocito,Villa Aberastain - La Rinconada,15409,SI,--,SI,--,SI,SI,SI,--,--,70070040.0,-31.6952378674877,-68.5923025771378
SAN JUAN,Pocito,Villa Barbosa - Villa Nacusi,24240,--,--,--,--,--,SI,--,SI,SI,70070050.0,-31.6219383886537,-68.5359580395485
SAN JUAN,Pocito,Villa Barboza,0,--,--,--,--,--,--,--,SI,SI,70070010.0,-31.5921799746836,-68.5723924425069
SAN JUAN,Pocito,Villa Centenario,778,--,--,--,--,--,SI,--,SI,SI,70070060.0,-31.668402703149,-68.5222919302359
SAN JUAN,Pocito,Villa Nacusi,0,--,--,--,--,--,--,--,--,--,70070010.0,-31.6219383886537,-68.5359580395485
SAN JUAN,Rawson,El Medanito,0,--,--,--,--,--,SI,--,SI,--,70077010.0,-31.583482529045,-68.4697872532749
SAN JUAN,Sarmiento,Cienaguita,438,--,--,--,SI,--,SI,--,--,--,70105020.0,-32.0763381339971,-68.690762577729
SAN JUAN,Sarmiento,Colonia Fiscal,607,--,--,--,--,--,--,--,--,--,70105030.0,-31.9027437264496,-68.4696588673219
SAN JUAN,Sarmiento,Divisadero,413,--,--,--,--,--,SI,SI,--,SI,70105040.0,-32.0104984358581,-68.6904861018003
SAN JUAN,Sarmiento,Guanacache,200,--,--,--,--,--,SI,SI,--,SI,70105050.0,-32.0753813271385,-68.5856950572685
SAN JUAN,Sarmiento,Las Lagunas,298,--,--,--,--,SI,--,--,SI,SI,70105060.0,-32.0443775419211,-68.3778990229646
SAN JUAN,Sarmiento,Los Berros,3783,--,--,--,SI,--,SI,SI,SI,SI,70105070.0,-31.9514576383242,-68.6510941298035
SAN JUAN,Sarmiento,Pedernal,537,--,--,--,--,--,SI,--,--,SI,70105080.0,-31.9950077029707,-68.7590874861116
SAN JUAN,Sarmiento,Punta del Médano,576,--,--,--,--,--,SI,SI,--,SI,70105090.0,-31.8946043291143,-68.4183104905607
SAN JUAN,Sarmiento,Villa Media Agua,7983,--,--,--,SI,--,SI,SI,SI,SI,70105100.0,-31.9810022624945,-68.4270029177237
SAN JUAN,Ullum,Villa Ibáñez,4421,--,--,SI,--,--,SI,SI,SI,SI,70112010.0,-31.4659385111811,-68.7353338028121
SAN JUAN,Valle Fértil,Astica,740,--,--,--,--,--,SI,SI,SI,SI,70119010.0,-30.9538850864023,-67.3006351406982
SAN JUAN,Valle Fértil,Balde del Rosario,93,--,--,--,--,--,--,SI,--,--,70119020.0,-30.3207151787316,-67.6951969177397
SAN JUAN,Valle Fértil,Chucuma,123,--,--,--,--,--,--,--,SI,--,70119030.0,-31.0688861561951,-67.2788289085567
SAN JUAN,Valle Fértil,Los Baldecitos,53,--,--,--,--,--,--,SI,SI,SI,70119040.0,-30.2241888429483,-67.7014210305429
SAN JUAN,Valle Fértil,Usno,339,--,--,--,--,--,--,--,--,--,70119050.0,-30.5640053498102,-67.540327100629
SAN JUAN,Valle Fértil,Villa San Agustín,4423,--,--,--,SI,SI,SI,SI,--,SI,70119060.0,-30.6367084796207,-67.4650598603898
SAN JUAN,Zonda,Villa Basilio Nievas,4539,--,--,--,--,--,SI,SI,SI,SI,70133010.0,-31.543878931951,-68.7407758815646
SAN JUAN,Chimbas,Chimbas,87258,SI,--,SI,SI,--,SI,SI,SI,SI,70042010.0,-31.4929011532856,-68.4840477499344
SAN JUAN,Chimbas,El Mogote,0,--,--,--,--,--,--,--,--,--,70042010.0,-31.4800263304441,-68.4821821646732
SAN JUAN,Chimbas,Villa Paula Albarracin,0,--,--,--,--,--,SI,--,SI,SI,70042010.0,-31.4936358990356,-68.5357082138994
SAN JUAN,Iglesia,Angualasto,316,--,--,--,--,--,SI,--,--,SI,70049010.0,-30.0536455973497,-69.1717079231376
SAN JUAN,Iglesia,Bella Vista,325,--,--,--,--,SI,SI,--,--,--,70049020.0,-30.4401531794669,-69.2447866603611
SAN JUAN,Iglesia,Iglesia,661,--,--,--,--,SI,SI,SI,--,--,70049030.0,-30.4128218913916,-69.2051642049627
SAN JUAN,Iglesia,Las Flores,906,--,--,--,--,SI,SI,SI,SI,SI,70049040.0,-30.3242644504455,-69.2453069928074
SAN JUAN,Iglesia,Pismanta,98,--,--,--,--,SI,SI,--,--,--,70049050.0,-30.2709800462776,-69.2286104874715
SAN JUAN,Iglesia,Rodeo,2625,--,--,--,--,--,SI,SI,SI,SI,70049060.0,-30.209958054186,-69.1336132382893
SAN JUAN,Iglesia,Tudcum,699,--,--,--,--,SI,SI,SI,--,--,70049070.0,-30.1883781131447,-69.2702835946583
SAN JUAN,Jáchal,El Fical,0,--,--,--,--,--,--,--,--,--,70056040.0,-30.2202750575676,-68.6909967597496
SAN JUAN,Jáchal,El Fiscal,0,--,--,--,--,--,--,--,--,--,70056040.0,-30.2202750575676,-68.6909967597496
SAN JUAN,Jáchal,El Médano,96,--,--,--,--,--,SI,--,--,--,70056010.0,-30.1293832105379,-68.6791733044187
SAN JUAN,Jáchal,Gran China,484,--,--,--,--,--,SI,--,--,--,70056020.0,-30.1225273246059,-68.7161999143951
SAN JUAN,Jáchal,Huaco,1454,--,--,--,--,--,SI,SI,--,--,70056030.0,-30.1570667184839,-68.4809365791381
SAN JUAN,Jáchal,La Falda,0,--,--,--,--,--,--,--,--,--,70056040.0,-30.1628729670379,-68.6652633159112
SAN JUAN,Jáchal,Mogna,114,--,--,--,--,--,SI,--,--,--,70056040.0,-30.6845100664473,-68.3775543569819
SAN JUAN,Jáchal,Niquivil,819,--,--,--,--,--,SI,SI,--,SI,70056050.0,-30.4006750071532,-68.6910630973149
SAN JUAN,Jáchal,Pampa Vieja,740,--,--,--,--,--,SI,--,--,--,70056060.0,-30.2202750575676,-68.6909967597496
SAN JUAN,Jáchal,San Isidro,408,--,--,--,--,--,SI,--,--,--,70056070.0,-30.1488923473271,-68.7044945534412
SAN JUAN,25 de Mayo,Campo Afuera,0,--,--,--,--,--,--,--,--,--,70126010.0,-31.4165329806484,-68.5316143378439
SAN JUAN,25 de Mayo,El Encón,524,--,--,--,--,--,--,--,--,SI,70126010.0,-32.2163733476113,-67.793057098676
SAN JUAN,25 de Mayo,La Chimbera,0,--,--,--,--,--,--,--,--,--,70126010.0,-31.8505514541041,-68.309461754649
SAN JUAN,25 de Mayo,Tupelí,1169,--,--,--,--,--,SI,--,--,--,70126020.0,-31.8390315742989,-68.3573941216943
SAN JUAN,25 de Mayo,Villa Borjas,0,--,--,--,--,--,SI,--,--,--,70126010.0,-31.8100072529359,-68.3289623063813
SAN JUAN,25 de Mayo,Villa Borjas - La Chimbera,5275,--,--,--,--,--,SI,SI,--,--,70126030.0,-31.8100072529359,-68.3289623063813
SAN JUAN,25 de Mayo,Villa El Tango,1367,--,--,--,--,--,--,--,--,--,70126040.0,-31.763268918716,-68.2222966354108
SAN JUAN,25 de Mayo,Villa Santa Rosa,3460,--,--,--,--,--,SI,SI,SI,SI,70126050.0,-31.7448085385712,-68.3142412332522
SAN JUAN,9 de Julio,9 de Julio,3484,--,--,--,SI,SI,SI,SI,SI,SI,70063040.0,-31.669750919971,-68.3900416378963
SAN JUAN,9 de Julio,Alto de Sierra,499,--,--,--,--,--,SI,--,SI,SI,70063010.0,-31.5551785871028,-68.4205987445022
SAN JUAN,9 de Julio,Colonia Fiorito,384,--,--,--,--,--,SI,--,--,--,70063020.0,-31.5551785871028,-68.4205987445022
SAN JUAN,9 de Julio,Las Chacritas,2760,--,--,--,--,--,SI,--,--,SI,70063030.0,-31.5936417922213,-68.4077196718125
SAN JUAN,Albardón,El Rincón,1252,SI,--,SI,--,--,SI,SI,SI,SI,70007010.0,-31.4480943761332,-68.5425141343624
SAN JUAN,Albardón,La Cañada,0,--,--,--,--,--,--,--,--,--,70007010.0,-31.4475643930837,-68.4817213288378
SAN JUAN,Albardón,Villa Ampacama,0,--,--,--,--,--,--,--,--,--,70007010.0,-31.3864085743851,-68.4572411115084
SAN JUAN,Albardón,Villa General San Martin,0,--,--,--,--,--,SI,--,--,--,70007010.0,-31.421071066377,-68.4907605706737
SAN JUAN,Albardón,Villa General San Martín - Campo Afuera,22046,--,--,--,--,--,SI,--,--,--,70007020.0,-31.421071066377,-68.4907605706737
SAN JUAN,Angaco,Las Tapias,1563,--,--,--,--,--,--,SI,--,--,70014010.0,-31.4084472492778,-68.3999429561259
SAN JUAN,Angaco,Villa El Salvador,0,--,--,--,--,--,SI,--,SI,SI,70014010.0,-31.4454020414681,-68.417640160613
SAN JUAN,Calingasta,Barreal,0,--,--,--,--,--,--,--,SI,SI,70021020.0,-31.652328851699,-69.479673849861
SAN JUAN,Calingasta,Barreal - Villa Pituil,3463,--,--,SI,--,--,SI,SI,SI,--,70021010.0,-31.6528323304108,-69.4815385910816
SAN JUAN,Calingasta,Calingasta,2198,--,--,--,--,SI,SI,SI,SI,--,70021020.0,-31.335410441528,-69.4273817834109
SAN JUAN,Calingasta,Tamberías,988,--,--,SI,--,--,SI,SI,SI,--,70021030.0,-31.46037726198,-69.4229130996947
SAN JUAN,Calingasta,Villa Pituil,0,--,--,--,--,--,--,--,--,--,70021020.0,-31.6528323304108,-69.4815385910816
SAN JUAN,Capital,San Juan,109123,SI,SI,SI,SI,SI,SI,SI,SI,SI,70028010.0,-31.5371970378027,-68.5250183173793
SAN JUAN,Caucete,Barrio Justo P. Castro IV,589,--,--,--,--,--,--,--,--,--,70035015.0,-31.6283025583976,-68.3008272782109
SAN JUAN,Caucete,Bermejo,484,--,--,--,--,SI,--,SI,--,--,70035010.0,-31.5918363542723,-67.6623620492559
SAN JUAN,Caucete,Caucete,28222,SI,--,--,--,--,SI,SI,SI,SI,70035020.0,-31.6514787868907,-68.2821404352408
SAN JUAN,Caucete,El Rincón,553,--,--,--,--,--,--,--,--,--,70035030.0,-31.6648793452851,-68.3211580078388
SAN JUAN,Caucete,Las Talas,0,--,--,--,--,--,--,--,--,--,70035050.0,-31.6009569892315,-68.2979743657121
SAN JUAN,Caucete,Las Talas - Los Médanos,805,--,--,--,--,--,--,--,--,--,70035040.0,-31.6009569892314,-68.2979743657121
SAN JUAN,Caucete,Los Medanos,0,--,--,--,--,--,--,--,--,--,70035050.0,-31.6267504756331,-68.2618585178493
SAN JUAN,Caucete,Marayes,99,--,--,--,--,--,--,--,--,--,70035050.0,-31.4776695630337,-67.3093651877693
SAN JUAN,Caucete,Pie de Palo,817,--,--,--,--,--,--,--,--,SI,70035060.0,-31.6609347801137,-68.2204015492999
SAN JUAN,Caucete,Vallecito,404,--,--,--,--,--,SI,--,--,--,70035070.0,-31.7403744670002,-67.9885245900589
SAN JUAN,Caucete,Villa Independencia,823,--,--,--,--,--,SI,--,--,--,70035080.0,-31.6245292071939,-68.3138150331219
MENDOZA,San Rafael,Goudge,2126,--,SI,--,--,--,SI,SI,SI,SI,50105100.0,-34.6803228490363,-68.1358422919666
MENDOZA,San Rafael,Jaime Prats,419,--,--,--,--,--,SI,SI,--,--,50105110.0,-34.9146831219286,-67.8191470107259
MENDOZA,San Rafael,La Llave Nueva,499,--,--,--,--,--,--,SI,--,--,50105120.0,-34.6449297466889,-68.0147704723126
MENDOZA,San Rafael,Las Malvinas,232,--,--,--,--,--,SI,SI,--,--,50105130.0,-34.8384149976168,-68.2539362219611
MENDOZA,San Rafael,Los Reyunos,18,--,--,--,--,--,--,--,--,SI,50105140.0,-34.6099288763693,-68.6205430790631
MENDOZA,San Rafael,Monte Comán,3529,--,--,--,SI,--,SI,SI,SI,SI,50105150.0,-34.5971809945468,-67.8842899055404
MENDOZA,San Rafael,Pobre Diablo,526,--,--,--,--,--,--,--,SI,SI,50105160.0,-34.6703587937035,-68.3591845637218
MENDOZA,San Rafael,Punta del Agua,382,--,--,--,SI,--,--,--,--,--,50105170.0,-35.530165567926,-68.0825092985548
MENDOZA,San Rafael,Rama Caída,850,--,--,--,--,--,SI,SI,SI,SI,50105180.0,-34.7043760307316,-68.3708631047738
MENDOZA,San Rafael,Real del Padre,3635,--,--,--,--,--,SI,SI,SI,SI,50105190.0,-34.8433149755939,-67.7674203749059
MENDOZA,San Rafael,Salto de Las Rosas,1343,--,--,SI,--,--,SI,SI,SI,SI,50105200.0,-34.726958284268,-68.2329031579027
MENDOZA,San Rafael,San Rafael,118009,SI,SI,SI,SI,--,SI,SI,SI,SI,50105210.0,-34.6356104202068,-68.3310920132847
MENDOZA,San Rafael,Villa Atuel,3311,--,--,--,--,--,SI,SI,SI,SI,50105230.0,-34.8345022006919,-67.9257905889932
MENDOZA,San Martín,PALMIRA,0,--,--,--,SI,--,SI,--,SI,SI,50098090.0,-33.0499932818968,-68.5490896779466
MENDOZA,San Martín,San Martín,79476,--,SI,--,SI,SI,SI,--,SI,SI,50098100.0,-33.0732178033808,-68.4605125505865
MENDOZA,San Martín,Tres Porteñas,2545,--,--,--,SI,--,SI,SI,SI,SI,50098110.0,-32.8994801779562,-68.3990962886724
MENDOZA,San Rafael,25 de Mayo,1450,--,SI,SI,--,--,SI,SI,SI,SI,50105220.0,-34.5859138924719,-68.5495682219631
MENDOZA,San Rafael,Barrio Campos El Toledano,956,--,--,--,--,--,--,--,SI,SI,50105010.0,-34.573654040475,-68.3294341868083
MENDOZA,San Rafael,Barrio Echeverria,0,--,--,--,--,--,--,--,SI,SI,50105080.0,-34.6278079094528,-68.4330730738277
MENDOZA,San Rafael,Barrio El Nevado,160,--,--,--,--,--,--,--,--,--,50105020.0,-34.7898637210549,-67.9874651693673
MENDOZA,San Rafael,Barrio Empleados de Comercio,208,--,--,--,--,--,--,--,--,--,50105030.0,-34.5522300096664,-68.3032401705615
MENDOZA,San Rafael,Barrio Intendencia,120,--,--,--,--,--,--,--,SI,SI,50105040.0,-34.645100562517,-68.2754543992412
MENDOZA,San Rafael,Barrio Las Rosas,0,--,--,--,--,--,--,--,--,--,50105080.0,-34.6278079094528,-68.4330730738277
MENDOZA,San Rafael,Barrio Primavera,0,--,--,--,--,--,--,--,--,--,50105080.0,-34.6298100948936,-68.5105923910427
MENDOZA,San Rafael,Capitán Montoya,362,--,--,--,--,--,SI,--,SI,SI,50105050.0,-34.5835613146884,-68.4654391114406
MENDOZA,San Rafael,Cuadro Benegas,1253,SI,--,SI,SI,SI,SI,SI,--,--,50105060.0,-34.6331750282237,-68.2302164082512
MENDOZA,San Rafael,Cuadro Nacional,0,--,--,--,--,--,--,--,SI,SI,50105080.0,-34.6175050676523,-68.2817525680486
MENDOZA,San Rafael,El Nihuil,1030,--,--,--,--,--,SI,SI,--,--,50105070.0,-35.0353713864246,-68.6806149266928
MENDOZA,San Rafael,El Sosneado,65,--,--,--,--,--,--,--,--,--,50105080.0,-35.0821772227253,-69.5924127887533
MENDOZA,San Rafael,El Tropezón,462,--,--,--,--,--,--,--,--,--,50105090.0,-34.6856449091453,-68.2855505604444
MENDOZA,Tupungato,La Arboleda,540,--,--,--,--,--,SI,--,--,SI,50126040.0,-33.3688267818118,-69.1247363670469
MENDOZA,Tupungato,San José,1445,--,--,--,SI,--,SI,--,SI,SI,50126050.0,-33.3068450101282,-69.1645780862147
MENDOZA,Tupungato,Tupungato,13218,SI,--,--,SI,SI,SI,SI,SI,SI,50126060.0,-33.3643638135734,-69.1513190958561
MENDOZA,Tupungato,Villa Bastias,0,--,--,--,--,--,--,--,--,--,50126020.0,-33.3420986445545,-69.1487758488674
NEUQUEN,Aluminé,Aluminé,4591,--,SI,--,--,SI,SI,SI,--,SI,58007010.0,-39.2395006622098,-70.9180131491474
NEUQUEN,Aluminé,Moquehue,270,--,--,--,--,SI,SI,--,--,--,58007015.0,-38.9431841513779,-71.3282934446594
NEUQUEN,Aluminé,Villa Pehuenia,700,SI,--,SI,--,SI,SI,SI,--,SI,58007020.0,-38.88385673767,-71.1721341418285
NEUQUEN,Añelo,Aguada San Roque,135,--,--,--,--,--,--,--,SI,SI,58014005.0,-37.9994791767967,-68.9231103975687
NEUQUEN,Añelo,Añelo,2449,--,SI,--,SI,SI,SI,SI,SI,SI,58014010.0,-38.3514440221419,-68.7919715586172
NEUQUEN,Añelo,San Patricio del Chañar,6474,--,SI,--,SI,SI,SI,SI,SI,SI,58014020.0,-38.6257824069657,-68.2986456816821
NEUQUEN,Catan LilL,Las Coloradas,873,--,--,SI,--,SI,SI,SI,--,--,58021010.0,-39.5578638822685,-70.5932894653763
NEUQUEN,Chos Malal,Chos Malal,13092,SI,--,SI,SI,SI,SI,SI,SI,SI,58042010.0,-37.3792566593514,-70.2723772223192
NEUQUEN,Chos Malal,Tricao Malal,533,--,--,--,--,--,SI,SI,--,--,58042020.0,-37.0428490399834,-70.3347175778926
NEUQUEN,Chos Malal,Villa del Curi Leuvú,148,--,--,--,--,--,--,--,--,--,58042030.0,-37.1337365202592,-70.3969231250344
NEUQUEN,Confluencia,Neuquén,231198,SI,SI,SI,SI,SI,SI,SI,SI,SI,58035070.0,-38.9492856796033,-68.0839057621977
NEUQUEN,Confluencia,Plaza Huincul,13172,--,--,--,--,SI,SI,--,SI,SI,58035090.0,-38.9290709532125,-69.2021594435231
NEUQUEN,Confluencia,Plottier,32390,SI,SI,--,SI,SI,SI,SI,SI,SI,58035100.0,-38.9510561611213,-68.2478403865049
NEUQUEN,Confluencia,Senillosa,7542,--,--,--,SI,SI,SI,SI,SI,SI,58035110.0,-39.0113034801537,-68.4333833911279
NEUQUEN,Confluencia,Villa El Chocón,707,--,--,SI,--,--,SI,SI,--,SI,58035120.0,-39.2610101785628,-68.7842564223565
NEUQUEN,Confluencia,Vista Alegre Norte,895,SI,--,--,SI,--,SI,SI,SI,SI,58035130.0,-38.7277123127679,-68.1721438862367
NEUQUEN,Confluencia,Vista Alegre Sur,1513,SI,--,--,SI,SI,--,SI,--,--,58035140.0,-38.7715537254998,-68.1369187198489
MENDOZA,Luján de Cuyo,Luján de Cuyo,82615,SI,SI,SI,SI,SI,SI,SI,SI,SI,50063090.0,-33.0328665626243,-68.8912066261393
MENDOZA,Luján de Cuyo,MAYOR DRUMMOND,0,--,--,--,SI,--,SI,--,SI,SI,50063060.0,-33.0038391611615,-68.8612966964436
MENDOZA,Luján de Cuyo,Perdriel,8531,SI,--,SI,SI,--,SI,SI,SI,--,50063100.0,-33.0690096392441,-68.8986010698045
MENDOZA,Luján de Cuyo,Piedras Blancas,0,--,--,--,--,--,--,--,--,--,50063050.0,-33.0198804741995,-69.3030036808918
MENDOZA,Luján de Cuyo,Potrerillos,292,--,--,--,SI,SI,SI,SI,SI,SI,50063110.0,-32.945486814506,-69.2086449063504
MENDOZA,Luján de Cuyo,Ugarteche,4561,--,--,--,SI,--,SI,SI,SI,SI,50063120.0,-33.2109451573216,-68.8972088041994
MENDOZA,Luján de Cuyo,Valle Del Sol,0,--,--,--,--,--,--,--,--,--,50063050.0,-33.0174255607471,-69.2972914626044
MENDOZA,Luján de Cuyo,Villa El Refugio,0,--,--,--,--,--,--,--,--,--,50063050.0,-32.9975296309707,-69.317680250878
MENDOZA,Luján de Cuyo,VISTALBA,0,--,--,--,SI,--,SI,--,SI,SI,50063060.0,-33.0237918976098,-68.9247432402669
MENDOZA,Maipú,Barrancas,194,--,--,--,--,--,SI,SI,SI,SI,50070010.0,-33.0833355400244,-68.7343792557021
MENDOZA,Maipú,Barrio Jesús de Nazaret,399,--,--,--,--,--,SI,--,--,--,50070020.0,-33.0103244179699,-68.7265920537237
MENDOZA,Maipú,COQUIMBITO,0,--,--,--,SI,--,--,--,SI,SI,50070090.0,-32.9792545593489,-68.8089838444183
MENDOZA,Maipú,Cruz de Piedra,1536,--,--,--,SI,--,SI,SI,SI,SI,50070030.0,-33.0293391100097,-68.7922412248266
MENDOZA,Maipú,El Pedregal,232,--,--,--,--,--,SI,--,--,--,50070040.0,-32.8558805014704,-68.6544793531012
NEUQUEN,Collón Curá,Piedra del Águila,3669,--,--,SI,--,SI,--,SI,SI,SI,58028010.0,-40.0465538638606,-70.077319578901
NEUQUEN,Collón Curá,Santo Tomás,219,--,--,--,--,SI,--,SI,--,--,58028020.0,-39.8218007278609,-70.1028884849476
NEUQUEN,Confluencia,11 de Octubre,236,SI,--,--,SI,--,--,SI,SI,SI,58035080.0,-38.878684024658,-68.1001707201744
NEUQUEN,Confluencia,Arroyito,90,--,--,--,--,--,SI,--,SI,SI,58035010.0,-39.0743997961308,-68.5703350642529
NEUQUEN,Confluencia,Barrio Ruca Luhé,110,--,--,--,SI,--,--,SI,--,--,58035020.0,-38.7543907123239,-68.1803399743279
NEUQUEN,Confluencia,Centenario,32928,SI,SI,--,SI,SI,SI,SI,SI,SI,58035030.0,-38.8275777081112,-68.1532191639297
NEUQUEN,Confluencia,Cutral Có,35465,SI,--,SI,SI,SI,SI,--,SI,SI,58035040.0,-38.9366016135518,-69.2413390332884
NEUQUEN,Confluencia,El Chocón,426,--,--,--,--,SI,SI,--,--,--,58035050.0,-39.2589786425295,-68.8268723660918
NEUQUEN,Confluencia,Mari Menuco,82,--,--,--,--,--,SI,--,SI,SI,58035060.0,-38.5383043330689,-68.557547832041
NEUQUEN,Huiliches,Junín de los Andes,12621,SI,SI,SI,SI,SI,SI,SI,SI,SI,58049010.0,-39.9494720138355,-71.0703335609136
MENDOZA,Guaymallén,BERMEJO,0,--,--,--,SI,--,--,--,SI,SI,50028030.0,-32.8674494392665,-68.8015983577909
MENDOZA,Guaymallén,BUENA NUEVA,0,--,--,--,SI,SI,--,--,SI,SI,50028030.0,-32.887610360379,-68.7797113648865
MENDOZA,Guaymallén,Capilla Del Rosario,0,--,--,--,SI,--,--,--,SI,SI,50028050.0,-32.9057059086968,-68.7753107154796
MENDOZA,Guaymallén,COLONIA SEGOVIA,0,--,--,--,--,--,--,--,SI,SI,50028020.0,-32.8445720739406,-68.7264015008637
MENDOZA,Guaymallén,Colonia Segovia,4271,--,--,--,SI,--,SI,--,SI,SI,50028020.0,-32.8445720739406,-68.7264015008637
MENDOZA,Guaymallén,DORREGO,0,--,--,--,SI,--,--,--,SI,SI,50028030.0,-32.9079284079055,-68.8402487586896
MENDOZA,Guaymallén,EL SAUCE,0,--,--,--,SI,--,--,--,SI,SI,50028030.0,-32.866493937014,-68.7583334039687
MENDOZA,Guaymallén,GENERAL BELGRANO,0,--,--,--,--,--,--,--,SI,SI,50028030.0,-32.8819026438146,-68.8087568548896
MENDOZA,Guaymallén,Guaymallén,252618,SI,SI,SI,SI,--,SI,SI,SI,SI,50028020.0,-32.8925289639529,-68.820068537927
MENDOZA,Guaymallén,JESUS NAZARENO,0,--,--,--,SI,--,--,--,SI,SI,50028050.0,-32.9208013873904,-68.7868066982545
MENDOZA,Guaymallén,KILOMETRO 11 (GUAYMALLEN),0,--,--,--,--,--,--,--,--,--,50028020.0,-32.9207614727554,-68.7071185835279
MENDOZA,Guaymallén,La Primavera,189067,--,--,--,--,--,SI,--,--,--,50028030.0,-32.9212115151732,-68.6797682708562
MENDOZA,Guaymallén,LAS CAÑAS,0,--,--,--,SI,--,--,--,SI,SI,50028050.0,-32.9057702142765,-68.8263412149075
MENDOZA,Guaymallén,Los Corralitos,942,SI,--,SI,--,SI,SI,SI,SI,SI,50028040.0,-32.8978664693342,-68.7059893326547
MENDOZA,Las Heras,Panquehua,0,--,--,--,SI,--,--,--,SI,SI,50049040.0,-32.8349236425418,-68.8451652007894
MENDOZA,Las Heras,Papagayos,0,--,--,--,--,SI,--,--,SI,SI,50049040.0,-32.8219,-68.8964
MENDOZA,Las Heras,Polvaredas,128,--,--,--,--,--,--,--,--,--,50049080.0,-32.8190384814445,-69.7097346552796
MENDOZA,Las Heras,Puente del Inca,126,--,--,--,--,SI,--,--,SI,SI,50049090.0,-32.8198835580194,-69.9250020499226
MENDOZA,Las Heras,Punta de Vacas,18,--,--,--,--,--,--,--,--,--,50049100.0,-32.8488063589156,-69.7763007026825
MENDOZA,Las Heras,Sierras De Encalada,0,--,--,--,--,--,--,--,SI,SI,50049040.0,-32.9869460291704,-68.9485091767272
MENDOZA,Las Heras,Uspallata,3810,SI,--,SI,SI,--,--,SI,SI,SI,50049110.0,-32.595534534037,-69.3582053741335
MENDOZA,Lavalle,3 de Mayo,516,--,--,--,--,--,SI,SI,--,SI,50056150.0,-32.675527945267,-68.6462113031921
MENDOZA,Lavalle,Barrio Alto del Olvido,266,--,--,--,--,--,--,--,--,--,50056010.0,-32.6727794218396,-68.5922473767644
MENDOZA,Lavalle,Barrio Jocolí II,163,--,--,--,--,--,--,--,--,--,50056020.0,-32.6740793089036,-68.6692696211749
MENDOZA,Lavalle,Barrio La Esperanza,0,--,--,--,--,--,--,--,--,--,50056040.0,-32.6735728612892,-68.3840802981371
MENDOZA,Lavalle,Barrio La Palmera,136,--,--,--,--,--,--,--,--,--,50056030.0,-32.6969328275291,-68.5506213221534
MENDOZA,Lavalle,Barrio La Pega,392,--,--,--,--,--,--,SI,--,--,50056040.0,-32.8128590043094,-68.6835373227479
MENDOZA,Lavalle,Barrio Lagunas de Bartoluzzi,290,--,--,--,--,--,--,--,--,--,50056050.0,-32.6111088672137,-68.5714746331489
MENDOZA,Lavalle,Barrio Los Jarilleros,831,--,--,--,--,--,--,--,--,--,50056060.0,-32.7153965740662,-68.6584021819475
MENDOZA,Lavalle,Barrio Los Olivos,73,SI,--,--,--,--,--,SI,--,--,50056070.0,-32.6972155730911,-68.3295580099939
MENDOZA,Lavalle,Barrio Virgen del Rosario,211,--,--,--,--,--,--,--,--,--,50056075.0,-32.7027597161508,-68.3124921903406
MENDOZA,Lavalle,Costa de Araujo,2816,--,--,--,SI,--,SI,--,SI,SI,50056080.0,-32.7568943573314,-68.4085951866641
MENDOZA,Lavalle,El Paramillo,90,--,--,--,--,--,--,--,--,--,50056090.0,-32.7813088245414,-68.5336830930131
MENDOZA,Lavalle,El Vergel,362,--,--,--,--,--,SI,--,--,--,50056100.0,-32.7623132216047,-68.6476011792189
MENDOZA,Lavalle,Ingeniero Gustavo André,288,--,--,--,--,--,SI,--,--,--,50056110.0,-32.6824002043157,-68.3268969073829
MENDOZA,Lavalle,Jocolí,684,--,--,--,--,--,SI,--,--,--,50056120.0,-32.6125410510042,-68.6790408967958
MENDOZA,Lavalle,Jocolí Viejo,422,--,--,--,--,--,SI,--,--,--,50056130.0,-32.7274623415005,-68.6602319575528
MENDOZA,Luján de Cuyo,Agrelo,2147,SI,--,--,SI,--,SI,SI,SI,SI,50063010.0,-33.1173844439975,-68.8960235351828
MENDOZA,Luján de Cuyo,Barrio Adina I Y Ii,0,--,--,--,--,--,--,--,SI,SI,50063060.0,-33.0649388173829,-68.8877014932113
MENDOZA,Luján de Cuyo,Barrio Perdriel IV,371,--,--,--,SI,--,SI,--,--,SI,50063020.0,-33.0753282280469,-68.9250404043338
MENDOZA,Luján de Cuyo,Cacheuta,636,SI,--,--,--,--,SI,SI,SI,SI,50063030.0,-33.0367104413315,-69.1159068278817
MENDOZA,Luján de Cuyo,CARRODILLA,0,--,--,--,SI,--,SI,--,SI,SI,50063060.0,-32.9776578285745,-68.8524394649607
MENDOZA,Luján de Cuyo,CHACRAS DE CORIA,0,--,--,--,SI,--,SI,--,SI,SI,50063060.0,-32.9899032062811,-68.8913679185275
MENDOZA,Luján de Cuyo,Costa Flores,297,--,--,--,SI,--,SI,--,SI,SI,50063040.0,-33.0705184504059,-68.9343214868201
MENDOZA,Luján de Cuyo,El Carmelo,0,--,--,--,--,--,--,--,--,--,50063050.0,-32.9551111218674,-69.281192394514
MENDOZA,Luján de Cuyo,El Carrizal,344,--,--,--,--,--,SI,--,--,SI,50063050.0,-33.3037433557192,-68.7554951968491
MENDOZA,Luján de Cuyo,El Salto,297,--,--,--,--,--,SI,SI,--,--,50063060.0,-32.8994781760003,-69.3336484431929
MENDOZA,Luján de Cuyo,La Puntilla,0,--,--,--,SI,--,SI,--,--,--,50063060.0,-32.9609713860174,-68.8723323876365
MENDOZA,Luján de Cuyo,Las Carditas,0,--,--,--,--,--,--,--,--,--,50063050.0,-32.9551111218674,-69.281192394514
MENDOZA,Luján de Cuyo,Las Compuertas,827,SI,--,SI,--,--,SI,SI,--,SI,50063070.0,-33.0343953638207,-68.9757201428593
MENDOZA,Luján de Cuyo,Las Vegas,450,--,--,--,--,--,SI,SI,--,--,50063080.0,-33.0058788620171,-69.2764002200338
MENDOZA,Luján de Cuyo,Los Manantiales,0,--,--,--,--,--,--,--,SI,SI,50063050.0,-32.8990128008468,-69.3340868979844
MENDOZA,Guaymallén,PEDRO MOLINA,0,--,--,--,SI,--,--,--,SI,SI,50028030.0,-32.8749826070419,-68.8287743942338
MENDOZA,Guaymallén,Puente de Hierro,7524,SI,--,SI,--,--,SI,SI,SI,SI,50028050.0,-32.8596996528436,-68.6889630695891
MENDOZA,Guaymallén,RODEO DE LA CRUZ,0,--,--,--,SI,SI,--,--,SI,SI,50028010.0,-32.9233876380597,-68.7484037679985
MENDOZA,Guaymallén,SAN FRANCISCO DEL MONTE,0,--,--,--,SI,--,--,--,SI,SI,50028050.0,-32.9176425793206,-68.8127477726945
MENDOZA,Guaymallén,San Jose,0,--,--,--,SI,--,--,--,SI,SI,50028030.0,-32.887910080091,-68.8336077167937
MENDOZA,Guaymallén,VILLA NUEVA,0,--,--,--,--,--,--,--,SI,SI,50028030.0,-32.9010420892697,-68.8031458310547
MENDOZA,Junín,ALTO VERDE,0,--,--,--,--,--,--,--,--,--,50035050.0,-33.15452764,-68.35591009
MENDOZA,Junín,Ingeniero Giagnoni,594,SI,--,SI,SI,--,SI,SI,SI,SI,50035010.0,-33.1247748459194,-68.4208925887498
MENDOZA,Junín,Junín,6324,SI,--,SI,SI,--,SI,SI,SI,SI,50035020.0,-33.1450869905894,-68.4921156012444
MENDOZA,Junín,La Colonia,9403,--,--,--,SI,SI,SI,--,SI,SI,50035030.0,-33.0927994762934,-68.4874957269843
MENDOZA,Junín,Los Barriales,4572,SI,--,SI,--,--,SI,SI,SI,SI,50035040.0,-33.1010405156356,-68.567527971482
MENDOZA,Junín,Medrano,817,--,--,--,--,--,SI,--,--,--,50035050.0,-33.1762912284126,-68.6231695474222
MENDOZA,Junín,Phillips,894,--,--,--,--,--,SI,SI,--,--,50035060.0,-33.2032507142375,-68.3832295478144
MENDOZA,Junín,Rodríguez Peña,751,--,--,--,--,--,SI,SI,--,SI,50035070.0,-33.1211519220358,-68.6046800215005
MENDOZA,La Paz,Desaguadero,424,--,--,--,--,--,--,SI,SI,SI,50042010.0,-33.4052265769401,-67.1641664357197
MENDOZA,La Paz,La Paz,7872,SI,--,--,SI,--,--,SI,SI,SI,50042020.0,-33.4610193184125,-67.5595785270435
MENDOZA,La Paz,Villa Antigua,311,--,--,--,--,--,--,--,--,--,50042030.0,-33.4645156410531,-67.6055785043576
MENDOZA,Las Heras,Blanco Encalada,555,--,--,--,--,--,--,SI,--,--,50049010.0,-33.0355485376289,-69.0065315897085
MENDOZA,Las Heras,Capdeville,5103,--,--,--,--,--,--,--,--,SI,50049040.0,-32.7248779288865,-68.9085584856171
MENDOZA,Las Heras,El Algarrobal,0,--,--,--,SI,--,--,--,SI,SI,50049040.0,-32.8327487536079,-68.7957179005563
MENDOZA,Las Heras,El Borbollon,0,--,--,--,--,--,--,--,SI,SI,50049040.0,-32.8069208013923,-68.7772864976942
MENDOZA,Las Heras,EL CHALLAO,0,--,--,--,SI,--,--,--,--,--,50049040.0,-32.8187507127469,-68.9164320667614
MENDOZA,Las Heras,EL PLUMERILLO,0,--,--,--,SI,--,--,--,SI,SI,50049040.0,-32.8468358627701,-68.8191474531696
MENDOZA,Las Heras,EL RESGUARDO,0,--,--,--,SI,--,--,--,SI,--,50049040.0,-32.7650499892594,-68.7913047281368
MENDOZA,Las Heras,EL ZAPALLAR,0,--,--,--,SI,--,--,--,SI,SI,50049040.0,-32.8555537707294,-68.8280317752065
MENDOZA,Las Heras,Jocolí,804,--,--,--,--,--,--,SI,SI,SI,50049030.0,-32.5843190924112,-68.6808088140348
MENDOZA,Las Heras,La Cieneguita,0,--,--,--,--,--,--,--,SI,SI,50049040.0,-32.8444580470853,-68.8646206504362
MENDOZA,Las Heras,Las Cuevas,8,--,--,--,--,--,--,--,SI,SI,50049040.0,-32.8079619437825,-70.0851824266087
MENDOZA,Las Heras,Las Heras,189067,SI,SI,SI,SI,SI,SI,SI,SI,SI,50049050.0,-32.8499236875213,-68.8452567330483
MENDOZA,Las Heras,Los Penitentes,2,--,--,--,--,--,--,--,--,--,50049060.0,-32.8369504266306,-69.853921289708
NEUQUEN,Ñorquín,Caviahué,607,--,--,SI,--,SI,SI,SI,--,SI,58084010.0,-37.8741211534774,-71.0537792468958
NEUQUEN,Ñorquín,Copahue,1,--,--,--,--,--,SI,SI,--,--,58084020.0,-37.8191699254756,-71.0991107043764
NEUQUEN,Ñorquín,El Cholar,734,--,--,--,--,SI,SI,SI,--,--,58084030.0,-37.4408647694624,-70.6441818646861
NEUQUEN,Ñorquín,El Huecú,1391,--,--,--,--,SI,SI,SI,--,SI,58084040.0,-37.6415832578483,-70.5790877358744
NEUQUEN,Ñorquín,Taquimilán,558,--,--,--,--,--,SI,SI,--,--,58084050.0,-37.5169103878888,-70.2503863712688
NEUQUEN,Pehuenches,Barrancas,938,--,--,--,--,SI,SI,SI,--,--,58091010.0,-36.8247372962673,-69.9164782914754
NEUQUEN,Pehuenches,Buta Ranquil,2443,--,--,--,--,SI,--,SI,--,SI,58091020.0,-37.0507876062807,-69.873851086363
NEUQUEN,Pehuenches,Octavio Pico,113,--,--,--,--,--,--,--,--,--,58091030.0,-37.5865104880568,-68.2686075936205
NEUQUEN,Pehuenches,Rincón de los Sauces,18691,SI,SI,SI,SI,SI,SI,SI,SI,SI,58091040.0,-37.3899075901743,-68.9309943279283
NEUQUEN,Picún Leufú,El Sauce,71,--,--,--,--,--,--,--,--,--,58098005.0,-39.4750725824587,-69.5298228549207
NEUQUEN,Picún Leufú,Paso Aguerre,207,--,--,--,--,--,--,SI,--,--,58098010.0,-39.3393978445221,-69.8442147950698
NEUQUEN,Picún Leufú,Picún Leufú,3144,--,--,--,--,SI,SI,SI,--,SI,58098020.0,-39.5191361709356,-69.2962673114558
NEUQUEN,Picunches,Bajada del Agrio,792,--,--,--,--,--,--,SI,--,SI,58105010.0,-38.4079798578262,-70.0276785984599
NEUQUEN,Picunches,La Buitrera,432,--,--,--,--,SI,--,--,--,--,58105020.0,-38.5574702395959,-70.3665560313021
NEUQUEN,Picunches,Las Lajas,4464,--,--,SI,--,SI,--,SI,--,SI,58105030.0,-38.5292612011937,-70.3689502898328
NEUQUEN,Picunches,Quili Malal,23,--,--,--,--,--,--,--,--,--,58105040.0,-38.3213178634179,-69.8143687558623
NEUQUEN,Zapala,Covunco Centro,0,--,--,--,--,--,--,--,--,SI,58112030.0,-38.7532470280083,-70.0275921805241
MENDOZA,Maipú,Fray Luis Beltrán,4735,SI,SI,SI,SI,--,SI,SI,SI,SI,50070050.0,-33.0049403047291,-68.6612377129718
MENDOZA,Maipú,GENERAL GUTIERREZ,0,--,--,--,SI,--,--,--,SI,SI,50070040.0,-32.9797721809011,-68.769429675373
MENDOZA,Maipú,LUZURIAGA,0,--,--,--,SI,--,--,--,SI,SI,50070090.0,-32.9500582112409,-68.8034450473205
MENDOZA,Maipú,Maipú,106662,SI,SI,SI,SI,--,SI,SI,SI,SI,50070060.0,-32.9394310178507,-68.8068438760291
MENDOZA,Maipú,Rodeo del Medio,12327,SI,--,SI,SI,--,SI,SI,SI,SI,50070070.0,-32.9880056754694,-68.7010652608485
MENDOZA,Maipú,Russell,1416,SI,--,SI,SI,--,--,SI,SI,SI,50070080.0,-33.0046770772729,-68.8012715093769
MENDOZA,Maipú,San Roque,5093,SI,--,SI,SI,--,SI,SI,SI,SI,50070090.0,-33.0285638174611,-68.5981475648442
MENDOZA,Maipú,Villa Teresa,316,--,--,--,--,--,SI,--,--,--,50070100.0,-33.0183178912335,-68.6288154157882
MENDOZA,Malargüe,Agua Escondida,443,--,--,--,--,SI,--,--,SI,SI,50077010.0,-36.1532390359812,-68.3048428543176
MENDOZA,Malargüe,Bardas Blancas,0,--,--,--,--,--,--,SI,--,SI,50077010.0,-35.870882529299,-69.8066780720987
MENDOZA,Malargüe,Las Leñas,9,--,--,--,SI,--,--,SI,SI,SI,50077030.0,-35.1539650781638,-70.0817910991633
NEUQUEN,Zapala,Los Catutos,229,--,--,--,--,--,SI,--,--,--,58112010.0,-38.8384807985925,-70.1962106815081
NEUQUEN,Zapala,Mariano Moreno,2660,SI,--,SI,--,SI,SI,SI,--,--,58112020.0,-38.7642591265553,-70.0386669795207
NEUQUEN,Zapala,Ramon M. Castro,125,--,--,--,--,--,--,--,--,SI,58112030.0,-38.865500620555,-69.750265287383
NEUQUEN,Zapala,Zapala,32097,SI,--,SI,SI,SI,SI,SI,SI,SI,58112040.0,-38.8961687323721,-70.0668545323772
MENDOZA,San Carlos,Barrio Carrasco,135,--,--,--,--,--,--,--,--,--,50091005.0,-33.8321066130502,-69.0490032074462
MENDOZA,San Carlos,Barrio El Cepillo,109,--,--,--,--,--,SI,--,--,--,50091010.0,-33.8386533809471,-69.1303497215532
MENDOZA,San Carlos,Chilecito,1033,--,--,--,--,--,SI,--,SI,SI,50091020.0,-33.8934020968296,-69.0804633582269
MENDOZA,San Carlos,Eugenio Bustos,5591,SI,--,--,--,--,SI,SI,SI,SI,50091030.0,-33.7850224488548,-69.0729045258216
MENDOZA,San Carlos,La Consulta,8241,SI,--,--,--,SI,SI,SI,SI,SI,50091040.0,-33.7386757381913,-69.1281255649691
MENDOZA,San Carlos,Pareditas,1021,--,--,--,SI,--,SI,SI,SI,SI,50091050.0,-33.9452563037172,-69.0824859034273
MENDOZA,San Carlos,San Carlos,3886,--,SI,--,--,--,SI,--,SI,SI,50091060.0,-33.7744494556708,-69.0490909178745
MENDOZA,San Martín,Alto Salvador,0,--,--,--,SI,--,SI,--,--,--,50098090.0,-33.0359716817131,-68.4708407197208
MENDOZA,San Martín,Alto Verde,1627,--,--,--,SI,--,SI,--,--,--,50098020.0,-33.1195037386563,-68.4180218961221
MENDOZA,San Martín,Barrio Chivilcoy,403,--,--,--,--,--,--,--,--,--,50098030.0,-33.0411467362082,-68.3541527366296
MENDOZA,San Martín,Barrio Emanuel,75,--,--,--,--,--,--,--,--,--,50098040.0,-32.8468555962866,-68.4100199226668
MENDOZA,San Martín,Barrio La Estación,111,--,--,--,--,--,--,--,--,--,50098045.0,-33.155290161095,-68.3543621643557
MENDOZA,San Martín,Barrio Los Charabones,227,--,--,--,--,--,--,--,--,--,50098050.0,-32.9785115683367,-68.3051018239824
MENDOZA,San Martín,Barrio Ntra. Sra. De Fátima,203,--,--,--,--,--,--,--,SI,--,50098055.0,-33.1309714824444,-68.351277983232
MENDOZA,San Martín,Chapanay,1486,--,--,SI,SI,--,SI,SI,SI,SI,50098060.0,-32.9801177295667,-68.4765253845307
MENDOZA,San Martín,Chivilcoy,550,--,--,--,--,--,--,--,--,--,50098070.0,-33.038335582925,-68.4594029398778
MENDOZA,San Martín,El Espino,376,--,--,--,--,--,SI,--,--,--,50098073.0,-33.077333062302,-68.3982838200909
MENDOZA,San Martín,El Ramblón,159,--,--,--,--,--,SI,--,--,--,50098077.0,-33.1617709736953,-68.2954844260235
MENDOZA,San Martín,Montecaseros,1106,--,--,--,--,--,SI,SI,SI,SI,50098080.0,-33.0109966347898,-68.3936801268915
MENDOZA,San Martín,Nueva California,208,--,--,--,--,--,SI,--,--,--,50098090.0,-32.7450606095364,-68.335450804198
MENDOZA,Tupungato,El Zampal,177,--,--,--,--,--,--,--,--,SI,50126035.0,-33.3989500475535,-69.1057367245591
MENDOZA,San Rafael,Villa Atuel Norte,271,--,--,--,--,--,--,SI,SI,SI,50105240.0,-34.7605998347692,-68.0374059028043
MENDOZA,Santa Rosa,Barrio 12 de Octubre,177,--,--,--,SI,--,--,--,--,SI,50112010.0,-33.1912015360595,-68.2809624398751
MENDOZA,Santa Rosa,Barrio María Auxiliadora,94,--,--,--,--,--,--,--,SI,SI,50112020.0,-33.2425136237648,-68.1826758332982
MENDOZA,Santa Rosa,Barrio Molina Cabrera,239,--,--,--,--,--,--,--,--,--,50112030.0,-33.1297119555186,-68.2037878560507
MENDOZA,Santa Rosa,La Dormida,2270,--,--,--,SI,--,SI,SI,SI,SI,50112040.0,-33.3499243562079,-67.9160460628593
MENDOZA,Santa Rosa,Las Catitas,3621,--,--,--,--,--,SI,SI,SI,SI,50112050.0,-33.3001058785583,-68.0532182373693
MENDOZA,Santa Rosa,Santa Rosa,2509,--,--,--,SI,--,SI,SI,--,--,50112060.0,-33.2544227888887,-68.1567438797332
MENDOZA,Tunuyán,Barrio San Cayetano,161,--,--,--,--,--,--,--,--,--,50119010.0,-33.6339135898779,-69.1879023870713
MENDOZA,Tunuyán,Campo Los Andes,538,--,SI,--,--,--,--,--,--,--,50119020.0,-33.707078744557,-69.1826331369796
MENDOZA,Tunuyán,Colonia Las Rosas,2169,--,--,--,--,--,SI,SI,SI,SI,50119030.0,-33.6129364669522,-69.1126485401013
MENDOZA,Tunuyán,El Manzano,26,--,--,--,--,--,--,--,SI,SI,50119040.0,-33.6005741925646,-69.3350878551815
MENDOZA,Tunuyán,Los Sauces,661,--,SI,--,SI,--,--,SI,SI,SI,50119050.0,-33.5952101670008,-69.1840214848841
MENDOZA,Tunuyán,Tunuyán,28859,SI,SI,SI,SI,--,SI,SI,SI,SI,50119060.0,-33.5775549686559,-69.0253759357637
MENDOZA,Tunuyán,Vista Flores,4358,--,--,--,--,--,SI,SI,SI,SI,50119070.0,-33.651355463945,-69.1646922660824
MENDOZA,Tupungato,Barrio Belgrano Norte,1392,--,--,--,--,--,--,--,--,--,50126010.0,-33.3301032817585,-69.1359513617454
MENDOZA,Tupungato,Cordón del Plata,1713,--,--,--,--,--,SI,SI,SI,SI,50126020.0,-33.4689491349532,-69.1399451802858
MENDOZA,Tupungato,El Peral,541,--,--,--,--,--,--,--,--,--,50126030.0,-33.3706550679362,-69.1923487111206
SAN JUAN,Angaco,Villa El Salvador - Villa Sefair,4472,--,--,--,--,--,SI,--,--,--,70014020.0,-31.4454020414681,-68.417640160613
SAN JUAN,Angaco,Villa Sefair (Talacasto),0,--,--,--,--,--,--,--,--,--,70014010.0,-31.4439397880938,-68.4217688171581
SAN JUAN,Zonda,Villa Tacu,0,--,--,--,--,--,--,--,--,--,70133010.0,-31.5293321449519,-68.7253410683189
MENDOZA,Lavalle,Las Violetas,87,--,--,--,--,--,--,--,--,--,50056140.0,-32.8208151905733,-68.6164140763718
MENDOZA,Lavalle,Villa Tulumaya,7870,--,--,--,SI,--,SI,--,SI,SI,50056160.0,-32.7196142429269,-68.6030438537926
CATAMARCA,El Alto,Vilismán,112,--,--,--,--,--,--,--,--,SI,10056060.0,-28.5021133153073,-65.4385489995235
CATAMARCA,Fray Mamerto Esquiú,La Carrera,0,--,--,--,--,SI,--,--,--,--,10063050.0,-28.3495576813874,-65.7091195877043
CATAMARCA,Fray Mamerto Esquiú,La Falda De San Antonio,0,--,--,--,--,--,SI,--,--,--,10063050.0,-28.4198487342191,-65.6988377960377
CATAMARCA,Fray Mamerto Esquiú,Collagasta,373,--,--,--,--,--,--,--,--,--,10063010.0,-28.3616776397898,-65.7282690165025
CATAMARCA,Fray Mamerto Esquiú,El Hueco,0,--,--,--,SI,--,--,--,SI,--,10063050.0,-28.4127884506849,-65.7175369854892
CATAMARCA,Fray Mamerto Esquiú,La Tercena,0,--,--,--,--,--,SI,--,SI,--,10063050.0,-28.3734473479931,-65.7081292515981
CATAMARCA,Fray Mamerto Esquiú,Pomancillo Este,247,--,--,--,--,--,--,SI,--,--,10063020.0,-28.3087173740113,-65.7222098439933
CATAMARCA,Fray Mamerto Esquiú,Pomancillo Oeste,254,--,--,--,--,--,--,--,--,--,10063030.0,-28.3178432457188,-65.7423447192215
CATAMARCA,Fray Mamerto Esquiú,San Antonio,0,--,--,--,SI,--,--,--,SI,SI,10063050.0,-28.4237766788262,-65.7062134320732
CATAMARCA,Paclín,La Viña,129,--,--,--,--,--,SI,--,--,--,10077060.0,-28.044445782746,-65.6079383578395
CATAMARCA,Paclín,Las Lajas,136,--,--,--,--,SI,--,--,--,--,10077070.0,-27.826913357423,-65.7401079267206
CATAMARCA,Paclín,Monte Potrero,186,--,--,--,--,--,--,--,SI,SI,10077080.0,-28.19124607288,-65.670675013192
CATAMARCA,Tinogasta,Fiambalá,4693,--,--,--,SI,SI,SI,SI,SI,SI,10105110.0,-27.69316213413,-67.608574901701
CATAMARCA,Tinogasta,La Puntilla,0,--,--,--,--,--,--,--,--,--,10105150.0,-28.1243914662106,-67.4981013989976
CATAMARCA,Tinogasta,La Ramadita,0,--,--,--,--,--,--,--,--,--,10105080.0,-27.6442427673373,-67.6139458012753
CATAMARCA,Tinogasta,Los Balverdis,6,--,--,--,--,--,--,--,--,--,10105120.0,-28.2769854029709,-67.1074444099184
CATAMARCA,Tinogasta,Medanitos,999,--,--,--,--,--,--,--,--,SI,10105130.0,-27.5239130706008,-67.5891477326484
CATAMARCA,Tinogasta,Palo Blanco,992,--,--,--,--,--,--,--,--,--,10105140.0,-27.3395852802531,-67.7592295432626
CATAMARCA,Tinogasta,Pampa Blanca,0,--,--,--,--,--,--,--,--,--,10105080.0,-27.6354340349652,-67.6168389660358
CATAMARCA,Tinogasta,Punta del Agua,167,--,--,--,--,--,--,--,--,--,10105150.0,-27.2106668219369,-67.7317928557182
CATAMARCA,Tinogasta,Saujil,339,--,--,--,--,--,--,--,--,--,10105160.0,-27.5632127581426,-67.6355130611556
CATAMARCA,Tinogasta,Tatón,301,--,--,--,--,--,--,--,--,SI,10105170.0,-27.3270122428844,-67.4747701838904
CATAMARCA,Ambato,Chuchucaruana,73,--,--,--,--,--,--,--,--,--,10007010.0,-27.9072844349135,-65.8265242094263
CATAMARCA,Ambato,Colpes,75,--,--,--,--,--,--,--,--,--,10007020.0,-28.056472497625,-65.8260844153652
CATAMARCA,Ambato,El Bolsón,289,--,--,--,--,SI,--,--,--,SI,10007030.0,-27.9038743420396,-65.8884829262542
CATAMARCA,Ambato,El Rodeo,1007,--,--,--,--,SI,SI,SI,--,SI,10007040.0,-28.2141516424861,-65.8738600634115
CATAMARCA,Ambato,Huaycama,152,--,--,--,--,--,--,--,--,--,10007050.0,-28.0988458342305,-65.8147464336478
CATAMARCA,Ambato,La Puerta,706,--,--,--,--,SI,--,SI,--,SI,10007060.0,-28.1764379052117,-65.7863037835082
CATAMARCA,Ambato,Las Chacritas,74,--,--,--,--,SI,--,--,--,--,10007070.0,-27.6464168267027,-65.9533446470458
CATAMARCA,Ambato,Las Juntas,304,--,--,--,--,--,--,--,--,SI,10007080.0,-28.1038836314671,-65.8996513641899
CATAMARCA,Ambato,Los Castillos,182,--,--,--,--,--,--,--,--,--,10007090.0,-27.9582295650792,-65.820685723313
CATAMARCA,Ambato,Los Talas,170,--,--,--,--,--,SI,--,--,--,10007100.0,-27.94999754917,-65.875829814164
CATAMARCA,Ambato,Los Varela,443,--,--,--,--,SI,--,--,--,SI,10007110.0,-27.9279942328057,-65.8822302327591
CATAMARCA,Ambato,Singuil,295,--,--,--,--,--,--,--,--,SI,10007120.0,-27.8142168571341,-65.8670660017181
CATAMARCA,Ancasti,Ancasti,361,--,--,--,--,SI,--,--,--,SI,10014010.0,-28.809829766706,-65.5021019996524
CATAMARCA,Ancasti,Anquincila,202,--,--,--,--,--,--,--,--,--,10014020.0,-28.7545936474404,-65.5495102803337
CATAMARCA,Ancasti,La Candelaria,77,--,--,--,--,--,--,--,--,--,10014030.0,-28.7207622901373,-65.4106917370235
CATAMARCA,Ancasti,La Majada,154,--,--,--,--,--,--,--,--,--,10014040.0,-29.0295107636719,-65.5499567687055
CATAMARCA,Andalgalá,Aconquija,0,--,--,--,--,SI,--,--,SI,SI,10021010.0,-27.4743798884533,-66.0266884349829
CATAMARCA,Andalgalá,Alto De Las Juntas,0,--,--,--,--,--,--,--,--,--,10021010.0,-27.4511959792163,-66.0199688270559
CATAMARCA,Andalgalá,Amanao,29,--,--,--,--,--,--,--,SI,--,10021010.0,-27.5275895579827,-66.5156761677031
CATAMARCA,Andalgalá,Andalgalá,12600,SI,--,--,SI,SI,SI,SI,SI,SI,10021020.0,-27.5732225954972,-66.3235466394645
CATAMARCA,Andalgalá,Buena Vista,0,--,--,--,--,--,--,--,--,--,10021010.0,-27.3391922396844,-66.0241892155379
CATAMARCA,Andalgalá,Chaquiago,1096,--,--,--,SI,SI,SI,--,--,--,10021030.0,-27.5368955481985,-66.3350568927423
CATAMARCA,Andalgalá,Choya,403,--,--,--,--,--,--,--,--,--,10021040.0,-27.5210749343604,-66.4034742805443
CATAMARCA,Andalgalá,El Alamito,734,--,--,--,--,--,SI,--,--,--,10021050.0,-27.333537875981,-66.022985174122
CATAMARCA,Andalgalá,El Lindero,741,--,--,--,--,--,--,SI,--,--,10021060.0,-27.4743798884533,-66.0266884349829
CATAMARCA,Andalgalá,El Potrero,184,--,--,--,SI,--,--,--,--,--,10021070.0,-27.5162322380357,-66.3434280762552
CATAMARCA,Andalgalá,La Aguada,378,--,--,--,SI,--,SI,--,--,--,10021080.0,-27.534089032104,-66.3117750484602
CATAMARCA,Andalgalá,La Mesada,0,--,--,--,SI,--,--,--,--,--,10021010.0,-27.4511959792163,-66.0199688270559
CATAMARCA,Antofagasta de la Sierra,Antofagasta de la Sierra,730,--,--,--,--,SI,--,SI,--,SI,10028010.0,-26.0632957365737,-67.4116706391736
CATAMARCA,Antofagasta de la Sierra,Antofalla,45,--,--,--,--,--,--,--,--,--,10028020.0,-25.5201549530029,-67.6220474243164
CATAMARCA,Antofagasta de la Sierra,El Peñón,263,--,--,--,--,--,--,--,--,--,10028030.0,-26.4377795455164,-67.2590953594946
CATAMARCA,Antofagasta de la Sierra,Los Nacimientos,43,--,--,--,--,--,--,--,--,--,10028040.0,-25.7592665755338,-67.3912671398198
CATAMARCA,Belén,Barranca Larga,330,--,--,--,--,--,--,--,--,--,10035010.0,-26.9366725902001,-66.7473736733687
CATAMARCA,Belén,Belén,12256,--,--,--,--,SI,SI,SI,SI,SI,10035020.0,-27.6337582271366,-67.0181224346383
CATAMARCA,Belén,Cóndor Huasi,254,--,--,--,--,--,--,--,--,--,10035030.0,-27.4800253698881,-67.1034365555174
CATAMARCA,Belén,Corral Quemado,1204,--,--,--,--,--,--,--,--,--,10035040.0,-27.1458266170631,-66.9418772140389
CATAMARCA,Belén,El Durazno,378,--,--,--,--,SI,--,--,--,--,10035050.0,-27.2352160693093,-67.0644302349354
CATAMARCA,Belén,Farallón Negro,1463,--,--,--,--,--,--,SI,--,SI,10035060.0,-27.297991160481,-66.6526535881206
CATAMARCA,Belén,Hualfín,987,--,--,--,--,SI,--,--,--,SI,10035070.0,-27.2251089488391,-66.8257494663378
CATAMARCA,Belén,Jacipunco,361,--,--,--,--,--,--,--,--,--,10035080.0,-27.2232502935304,-67.0189560597067
CATAMARCA,Belén,La Puntilla,236,--,--,--,--,--,--,--,--,--,10035090.0,-27.6687999477098,-66.9831854181017
CATAMARCA,Belén,Las Juntas,258,--,--,--,--,--,SI,--,--,--,10035100.0,-27.5255267279244,-67.1230327103174
CATAMARCA,Belén,Londres,2456,--,--,--,--,SI,SI,SI,--,SI,10035110.0,-27.7091441699136,-67.1521288574758
CATAMARCA,Belén,Los Nacimientos,215,--,--,--,--,--,--,--,--,SI,10035120.0,-27.1276313861506,-66.7125336324121
CATAMARCA,Belén,Puerta de Corral Quemado,575,--,--,--,--,--,--,--,--,--,10035130.0,-27.2142919344438,-66.9263178640934
CATAMARCA,Belén,Puerta de San José,277,--,--,--,--,SI,--,--,--,--,10035140.0,-27.5397412070942,-67.0153310519752
CATAMARCA,Belén,Villa Vil,481,--,--,--,--,--,--,--,--,--,10035150.0,-27.0710806751114,-66.8307696967369
CATAMARCA,Capayán,Adolfo E. Carranza,32,--,--,--,--,--,--,--,--,--,10042010.0,-29.0269775235925,-65.9719315369666
CATAMARCA,Capayán,Balde de la Punta,116,--,--,--,--,--,--,--,--,--,10042020.0,-29.5589484234071,-65.5807240749041
CATAMARCA,Capayán,Capayán,636,--,--,--,--,SI,--,--,--,SI,10042030.0,-28.7807106449765,-66.0386455444458
CATAMARCA,Capayán,Chumbicha,4531,SI,--,--,SI,SI,SI,SI,SI,SI,10042040.0,-28.8475652676601,-66.2413567840968
CATAMARCA,Capayán,Colonia del Valle,854,--,--,--,--,SI,--,SI,--,--,10042050.0,-28.6659572317315,-65.8752053335172
CATAMARCA,Capayán,Colonia Nueva Coneta,1951,--,--,--,SI,SI,SI,SI,SI,SI,10042060.0,-28.5859218596167,-65.8384330489801
CATAMARCA,Capayán,Concepción,387,--,--,--,--,--,--,--,--,--,10042070.0,-28.7027878127673,-66.0684404425234
CATAMARCA,Capayán,Coneta,653,--,--,--,SI,SI,--,SI,--,--,10042080.0,-28.5824940471212,-65.8832899522771
CATAMARCA,Capayán,El Bañado,158,--,--,--,--,--,--,--,--,--,10042090.0,-28.6492910442287,-65.8184083876597
CATAMARCA,Capayán,Huillapima,2416,--,--,--,SI,SI,SI,SI,SI,SI,10042100.0,-28.7326533523263,-65.9692671337206
CATAMARCA,Capayán,Los Angeles,383,--,--,--,--,--,SI,--,--,--,10042110.0,-28.4757282890296,-65.9584714095267
CATAMARCA,Capayán,Los Angeles Norte,0,--,--,--,--,--,--,--,--,--,10042020.0,-28.4130524181894,-65.9974963114274
CATAMARCA,Capayán,Los Angeles Sur,0,--,--,--,--,--,--,--,--,--,10042020.0,-28.5096259939006,-66.0134501995358
CATAMARCA,Capayán,Miraflores,1650,--,--,--,SI,SI,SI,SI,SI,SI,10042120.0,-28.61156437771,-65.9045510608673
CATAMARCA,Capayán,San Martín,426,--,--,--,--,SI,--,--,--,SI,10042130.0,-29.2514238184412,-65.7966971627176
CATAMARCA,Capayán,San Pablo,139,--,--,--,--,--,--,--,--,--,10042140.0,-28.7185211619112,-66.0406031753627
CATAMARCA,Capayán,San Pedro,372,--,--,--,--,--,--,--,--,--,10042150.0,-28.7717177596284,-66.1240600986815
CATAMARCA,Capital,Barrio Bancario,0,--,--,--,--,--,--,--,SI,SI,10049020.0,-28.466667,-65.783333
CATAMARCA,Capital,El Pantanillo,44,SI,SI,--,SI,SI,--,SI,SI,SI,10049020.0,-28.5416893432334,-65.8026632730873
CATAMARCA,Capital,San Fernando del Valle de Catamarca,159139,SI,SI,SI,SI,SI,SI,SI,SI,SI,10049030.0,-28.4846581947085,-65.7867892937631
CATAMARCA,El Alto,El Alto,754,--,--,--,--,SI,SI,--,SI,SI,10056010.0,-28.3027477561138,-65.3693767192491
CATAMARCA,El Alto,Guayamba,376,--,--,--,--,--,--,--,--,--,10056020.0,-28.3441266642037,-65.4127476684157
CATAMARCA,El Alto,Infanzón,62,--,--,--,--,--,--,--,--,--,10056030.0,-28.5973244077887,-65.4116602658918
CATAMARCA,El Alto,Los Corrales,54,--,--,--,--,--,--,--,--,--,10056040.0,-28.5108290239161,-65.3308772218931
CATAMARCA,El Alto,Tapso,191,--,--,--,--,SI,--,--,--,--,10056050.0,-28.415904197716,-65.1086409589416
CATAMARCA,Fray Mamerto Esquiú,San José,10242,--,--,--,--,--,--,--,SI,SI,10063040.0,-28.3887321458271,-65.7062701247999
CATAMARCA,Fray Mamerto Esquiú,Villa Las Pirquitas,740,--,--,--,--,SI,--,--,--,SI,10063050.0,-28.2754665210832,-65.733431477509
CATAMARCA,La Paz,Casa de Piedra,251,--,--,--,--,--,--,--,--,--,10070010.0,-29.649289010725,-65.5171151597056
CATAMARCA,La Paz,El Aybal,68,--,--,--,--,--,--,--,--,--,10070020.0,-29.1066140404485,-65.339695207396
CATAMARCA,La Paz,El Bañado,123,--,--,--,--,--,--,--,--,--,10070030.0,-29.1832354089391,-65.4161459216901
CATAMARCA,La Paz,El Divisadero,70,--,--,--,--,--,--,--,--,--,10070040.0,-29.1937184157281,-65.4233403523442
CATAMARCA,La Paz,El Quimilo,63,--,--,--,--,--,--,--,--,--,10070050.0,-29.9534214435134,-65.3926406151323
CATAMARCA,La Paz,Esquiú,1019,--,--,--,--,--,--,--,SI,SI,10070060.0,-29.3790661944991,-65.2898287859815
CATAMARCA,La Paz,Icaño,2104,--,--,--,--,SI,--,SI,SI,SI,10070070.0,-28.9308886124085,-65.2902158081112
CATAMARCA,La Paz,La Dorada,218,--,--,--,--,--,--,--,--,--,10070080.0,-29.2804387843954,-65.4766321943102
CATAMARCA,La Paz,La Guardia,493,--,--,--,--,--,--,--,--,SI,10070090.0,-29.5496731497758,-65.4504857993817
CATAMARCA,La Paz,Las Esquinas,136,--,--,--,--,--,--,--,--,--,10070100.0,-28.7644628061471,-65.1120210167305
CATAMARCA,La Paz,Las Palmitas,126,--,--,--,--,--,--,--,--,--,10070110.0,-28.6402396947153,-64.9870716926629
CATAMARCA,La Paz,Quirós,1156,--,--,--,--,--,SI,SI,--,SI,10070120.0,-28.7883056058069,-65.1007302335708
CATAMARCA,La Paz,Ramblones,68,--,--,--,--,--,--,--,--,--,10070130.0,-29.1582844511715,-65.374945475853
CATAMARCA,La Paz,Recreo,11847,SI,SI,--,SI,SI,SI,SI,SI,SI,10070140.0,-29.2768611237227,-65.0565641552447
CATAMARCA,La Paz,San Antonio,1835,--,--,--,--,--,SI,SI,SI,SI,10070150.0,-28.9331053161662,-65.0949655869377
CATAMARCA,Paclín,Amadores,172,--,--,--,--,--,--,--,--,--,10077010.0,-28.2680363798746,-65.6462108146466
CATAMARCA,Paclín,El Rosario,110,--,--,--,--,--,--,--,--,--,10077020.0,-27.9877541032226,-65.688606939529
CATAMARCA,Paclín,La Bajada,97,--,--,--,--,--,--,--,--,--,10077030.0,-28.3920524907261,-65.6282649899935
CATAMARCA,Paclín,La Higuera,236,--,--,--,--,--,--,--,--,--,10077040.0,-27.9352828616507,-65.699367489363
CATAMARCA,Paclín,La Merced,1759,SI,--,--,--,SI,SI,SI,--,SI,10077050.0,-28.1537649054231,-65.6696062414473
CATAMARCA,Tinogasta,Tinogasta,11485,SI,--,--,SI,SI,--,SI,--,SI,10105180.0,-28.0637510698675,-67.5802695760226
CATAMARCA,Valle Viejo,El Bañado,0,--,--,--,--,--,--,--,--,--,10112030.0,-28.4594352492075,-65.7113717209433
CATAMARCA,Valle Viejo,El Portezuelo,410,--,--,--,--,SI,--,--,SI,--,10112010.0,-28.4818680419511,-65.6351326652418
CATAMARCA,Valle Viejo,Huaycama,158,--,--,--,--,--,--,--,--,--,10112020.0,-28.5334483576648,-65.6821279512165
CATAMARCA,Valle Viejo,Las Tejas,351,--,--,--,--,--,--,--,SI,SI,10112030.0,-28.6468889609952,-65.7889935499028
CATAMARCA,Valle Viejo,Polcos,0,--,--,--,SI,--,--,--,--,--,10112030.0,-28.4333815878035,-65.7202973350365
CATAMARCA,Valle Viejo,Pozo Del Mistol,0,--,--,--,SI,--,--,--,--,--,10112030.0,-28.4689789857859,-65.7195047318519
CATAMARCA,Valle Viejo,San Isidro,25674,--,--,--,SI,--,SI,--,SI,SI,10112040.0,-28.4583109666735,-65.726757673457
CATAMARCA,Valle Viejo,Santa Cruz,122,--,--,--,--,--,--,--,--,--,10112050.0,-28.4928946549812,-65.6744465587279
CATAMARCA,Valle Viejo,Santa Rosa,0,--,--,--,SI,--,SI,--,SI,SI,10112030.0,-28.447802287271,-65.7055328995515
CATAMARCA,Valle Viejo,Sumalao,0,--,--,--,SI,--,SI,--,--,--,10112030.0,-28.4746455518307,-65.7433480027028
CATAMARCA,Valle Viejo,Villa Dolores,0,--,--,--,SI,--,SI,--,--,SI,10112030.0,-28.4434739220039,-65.7215360640125
CATAMARCA,Paclín,Palo Labrado,223,--,--,--,--,--,--,--,--,--,10077090.0,-28.3360934480518,-65.6274299147885
CATAMARCA,Paclín,San Antonio,266,--,--,--,--,SI,SI,--,--,--,10077100.0,-28.0073083693979,-65.726850392729
CATAMARCA,Paclín,Villa de Balcozna,210,--,--,--,--,--,--,--,--,SI,10077110.0,-27.87835755933,-65.7190758944755
CATAMARCA,Pomán,Apoyaco,76,--,--,--,--,--,--,--,--,--,10084010.0,-28.3006337911705,-66.1659791753183
CATAMARCA,Pomán,Colana,478,--,--,--,--,--,--,--,--,--,10084020.0,-28.3432877302321,-66.1222559102194
CATAMARCA,Pomán,Colpes,774,--,--,--,--,--,SI,--,--,--,10084030.0,-28.0606503909839,-66.2065039006705
CATAMARCA,Pomán,El Pajonal (Est. Pomán),590,--,--,--,--,--,--,--,--,--,10084040.0,-28.3773148491306,-66.3017092655099
CATAMARCA,Pomán,Joyango,53,--,--,--,--,--,--,--,--,--,10084050.0,-28.0731019653889,-66.1435569766782
CATAMARCA,Pomán,Mutquin,1075,--,--,--,--,SI,--,--,--,--,10084060.0,-28.3178455729042,-66.1420642866296
CATAMARCA,Pomán,Pomán,2856,--,--,--,--,SI,--,SI,SI,SI,10084070.0,-28.3927801149204,-66.2220823999264
CATAMARCA,Pomán,Rincón,523,--,--,--,--,--,--,SI,--,SI,10084080.0,-28.2022631098293,-66.148799132888
CATAMARCA,Pomán,San Miguel,413,--,--,--,--,--,SI,--,--,--,10084090.0,-28.1297413013666,-66.2019565174868
CATAMARCA,Pomán,Saujil,2368,--,--,--,--,SI,SI,SI,--,SI,10084100.0,-28.173337080009,-66.2145148644181
CATAMARCA,Pomán,Siján,1169,--,--,--,--,SI,--,SI,--,--,10084110.0,-28.2623558875079,-66.2209299175292
CATAMARCA,Santa María,Andalhualá,241,--,--,--,--,--,--,--,--,--,10091010.0,-26.8479427341705,-66.0244068592756
CATAMARCA,Santa María,Caspichango,39,--,--,--,--,--,--,--,--,--,10091020.0,-26.6859290047178,-65.970794986953
CATAMARCA,Santa María,Chañar Punco,1736,--,--,--,--,--,--,--,--,SI,10091030.0,-26.7588342868363,-66.0493067195716
CATAMARCA,Santa María,El Cajón,141,--,--,--,--,--,--,--,--,--,10091040.0,-26.3955476915097,-66.2641930164042
CATAMARCA,Santa María,El Cerrito,0,--,--,--,--,--,--,--,SI,SI,10091040.0,-26.6988604981977,-66.0387334407325
CATAMARCA,Santa María,El Desmonte,144,--,--,--,--,--,--,--,--,--,10091050.0,-26.9077168676094,-66.020423153794
CATAMARCA,Santa María,El Puesto,200,--,--,--,--,--,--,--,--,--,10091060.0,-26.6307679478768,-66.0140418967533
CATAMARCA,Santa María,Famatanca,589,--,--,--,--,--,--,--,--,--,10091070.0,-26.8101195558413,-66.0595221384282
CATAMARCA,Santa María,Fuerte Quemado,459,--,--,--,--,--,--,--,--,--,10091080.0,-26.6304336405934,-66.0644373734469
CATAMARCA,Santa María,La Hoyada,120,--,--,--,--,--,--,--,--,--,10091090.0,-26.5189083514476,-66.3686109740362
CATAMARCA,Santa María,La Loma,388,--,--,--,--,SI,--,--,--,--,10091100.0,-26.7574990827117,-66.0331064865258
CATAMARCA,Santa María,La Puntilla,0,--,--,--,--,--,--,--,--,--,10091040.0,-26.8274550484771,-66.0506274507575
CATAMARCA,Santa María,Lampacito,0,--,--,--,--,--,--,--,--,SI,10091040.0,-26.7265981975072,-66.0436979128184
CATAMARCA,Santa María,Las Mojarras,959,--,--,--,--,--,--,--,--,--,10091110.0,-26.6988604981977,-66.0387334407325
CATAMARCA,Santa María,Loro Huasi,1547,--,--,--,--,--,--,--,--,--,10091120.0,-26.7361383729613,-66.0217845814202
CATAMARCA,Santa María,Medanitos,0,--,--,--,--,--,--,--,--,--,10091040.0,-26.7588342868363,-66.0493067195716
CATAMARCA,Santa María,Palo Seco,0,--,--,--,--,--,--,--,--,--,10091040.0,-26.8274550484771,-66.0506274507575
CATAMARCA,Santa María,Punta de Balasto,177,--,--,--,--,--,--,--,--,--,10091130.0,-26.9300943985158,-66.1487294264287
CATAMARCA,Santa María,San José,2901,--,--,--,--,SI,--,--,--,--,10091140.0,-26.77456,-66.0347
CATAMARCA,Santa María,San Jose Banda,0,--,--,--,--,--,--,--,--,--,10091040.0,-26.8101195558413,-66.0595221384282
CATAMARCA,Santa María,San Jose Norte,0,--,--,--,--,--,--,--,--,--,10091040.0,-26.7745985033315,-66.0362576892132
CATAMARCA,Santa María,Santa María,11648,--,--,--,--,SI,--,--,--,--,10091150.0,-26.6891167120231,-66.018884441311
CATAMARCA,Santa María,Yapes,129,--,--,--,--,--,--,--,--,--,10091160.0,-26.8289862929732,-66.0179166770413
CATAMARCA,Santa Rosa,Alijilán,1396,--,--,--,--,SI,--,SI,--,SI,10098010.0,-28.1771812692249,-65.4915924205872
CATAMARCA,Santa Rosa,Bañado de Ovanta,1096,--,--,--,--,SI,--,SI,--,SI,10098020.0,-28.1034003361447,-65.3076846046355
CATAMARCA,Santa Rosa,Las Cañas,177,--,--,--,--,--,--,--,--,--,10098030.0,-28.2098696025062,-65.2230167049514
CATAMARCA,Santa Rosa,Lavalle,792,--,--,--,--,SI,--,--,--,--,10098040.0,-28.1946338127179,-65.1137806266473
CATAMARCA,Santa Rosa,Los Altos,4490,--,--,--,--,SI,SI,SI,SI,SI,10098050.0,-28.0488590493489,-65.4973640431533
CATAMARCA,Santa Rosa,Manantiales,659,--,--,--,--,--,--,--,--,--,10098060.0,-28.140438079834,-65.4923858642578
CATAMARCA,Santa Rosa,San Pedro,830,--,--,--,--,--,--,--,--,SI,10098070.0,-27.9608485883022,-65.1680076958397
CATAMARCA,Tinogasta,Anillaco,232,--,--,--,--,--,--,--,--,--,10105010.0,-27.9001528461069,-67.6142838741591
CATAMARCA,Tinogasta,Antinaco,105,--,--,--,--,--,--,--,--,--,10105020.0,-27.231445564254,-67.6080549409746
CATAMARCA,Tinogasta,Banda de Lucero,268,--,--,--,--,--,--,--,--,--,10105030.0,-28.0687850626962,-67.50770242056
CATAMARCA,Tinogasta,Cerro Negro,24,--,--,--,--,--,--,--,--,--,10105040.0,-28.2432405441597,-67.144273179127
CATAMARCA,Tinogasta,Copacabana,695,--,--,--,--,--,--,--,--,SI,10105050.0,-28.1243914662106,-67.4981013989976
CATAMARCA,Tinogasta,Cordobita,61,--,--,--,--,--,--,--,--,--,10105060.0,-28.2979798704965,-67.1670904449903
CATAMARCA,Tinogasta,Costa de Reyes,30,--,--,--,--,--,--,--,--,--,10105070.0,-28.294959923009,-67.702902490024
CATAMARCA,Tinogasta,El Pueblito,58,--,--,--,--,--,--,--,--,--,10105080.0,-28.2888183254668,-67.1234522983543
CATAMARCA,Tinogasta,El Puesto,432,--,--,--,--,--,--,--,--,--,10105090.0,-27.9267621470675,-67.6304002049274
CATAMARCA,Tinogasta,El Salado,574,--,--,--,--,--,--,--,--,--,10105100.0,-28.3120206339513,-67.250879321266
MENDOZA,Capital,Mendoza,114893,SI,SI,SI,SI,SI,SI,SI,SI,SI,50007010.0,-32.8774938474965,-68.852787067524
